,combination,Ti,V,Cr,Mn,Fe,Co,Ni,Cu,Zr,Nb,Mo,Tc,Ru,Rh,Pd,Ag,Label,n_element
0,AgFe,0,0,0,0,1,0,0,0,0,0,0,0,0,0,0,1,not_HEA,2
1,AgPd,0,0,0,0,0,0,0,0,0,0,0,0,0,0,1,1,HEA,2
2,CoCu,0,0,0,0,0,1,0,1,0,0,0,0,0,0,0,0,not_HEA,2
3,CoMn,0,0,0,1,0,1,0,0,0,0,0,0,0,0,0,0,not_HEA,2
4,CoNi,0,0,0,0,0,1,1,0,0,0,0,0,0,0,0,0,HEA,2
5,CrFe,0,0,1,0,1,0,0,0,0,0,0,0,0,0,0,0,HEA,2
6,CrMn,0,0,1,1,0,0,0,0,0,0,0,0,0,0,0,0,HEA,2
7,CrNb,0,0,1,0,0,0,0,0,0,1,0,0,0,0,0,0,not_HEA,2
8,CrV,0,1,1,0,0,0,0,0,0,0,0,0,0,0,0,0,HEA,2
9,CuFe,0,0,0,0,1,0,0,1,0,0,0,0,0,0,0,0,not_HEA,2
10,CuNi,0,0,0,0,0,0,1,1,0,0,0,0,0,0,0,0,HEA,2
11,FeMn,0,0,0,1,1,0,0,0,0,0,0,0,0,0,0,0,HEA,2
12,FeNb,0,0,0,0,1,0,0,0,0,1,0,0,0,0,0,0,not_HEA,2
13,FePd,0,0,0,0,1,0,0,0,0,0,0,0,0,0,1,0,HEA,2
14,MnNb,0,0,0,1,0,0,0,0,0,1,0,0,0,0,0,0,not_HEA,2
15,MoNb,0,0,0,0,0,0,0,0,0,1,1,0,0,0,0,0,HEA,2
16,MoPd,0,0,0,0,0,0,0,0,0,0,1,0,0,0,1,0,not_HEA,2
17,MoRu,0,0,0,0,0,0,0,0,0,0,1,0,1,0,0,0,not_HEA,2
18,MoTi,1,0,0,0,0,0,0,0,0,0,1,0,0,0,0,0,HEA,2
19,NbV,0,1,0,0,0,0,0,0,0,1,0,0,0,0,0,0,HEA,2
20,NbZr,0,0,0,0,0,0,0,0,1,1,0,0,0,0,0,0,HEA,2
21,NiRu,0,0,0,0,0,0,1,0,0,0,0,0,1,0,0,0,not_HEA,2
22,PdRh,0,0,0,0,0,0,0,0,0,0,0,0,0,1,1,0,HEA,2
23,RhV,0,1,0,0,0,0,0,0,0,0,0,0,0,1,0,0,not_HEA,2
24,AgCu,0,0,0,0,0,0,0,1,0,0,0,0,0,0,0,1,not_HEA,2
25,AgNi,0,0,0,0,0,0,1,0,0,0,0,0,0,0,0,1,not_HEA,2
26,AgTi,1,0,0,0,0,0,0,0,0,0,0,0,0,0,0,1,not_HEA,2
27,CoCr,0,0,1,0,0,1,0,0,0,0,0,0,0,0,0,0,not_HEA,2
28,CoMo,0,0,0,0,0,1,0,0,0,0,1,0,0,0,0,0,not_HEA,2
29,CoPd,0,0,0,0,0,1,0,0,0,0,0,0,0,0,1,0,HEA,2
30,CoRh,0,0,0,0,0,1,0,0,0,0,0,0,0,1,0,0,HEA,2
31,CrCu,0,0,1,0,0,0,0,1,0,0,0,0,0,0,0,0,not_HEA,2
32,CrMo,0,0,1,0,0,0,0,0,0,0,1,0,0,0,0,0,HEA,2
33,CrNi,0,0,1,0,0,0,1,0,0,0,0,0,0,0,0,0,not_HEA,2
34,CrRh,0,0,1,0,0,0,0,0,0,0,0,0,0,1,0,0,not_HEA,2
35,CrTi,1,0,1,0,0,0,0,0,0,0,0,0,0,0,0,0,not_HEA,2
36,CuPd,0,0,0,0,0,0,0,1,0,0,0,0,0,0,1,0,HEA,2
37,CuRh,0,0,0,0,0,0,0,1,0,0,0,0,0,1,0,0,HEA,2
38,CuV,0,1,0,0,0,0,0,1,0,0,0,0,0,0,0,0,HEA,2
39,FeMo,0,0,0,0,1,0,0,0,0,0,1,0,0,0,0,0,HEA,2
40,FeNi,0,0,0,0,1,0,1,0,0,0,0,0,0,0,0,0,HEA,2
41,MnNi,0,0,0,1,0,0,1,0,0,0,0,0,0,0,0,0,not_HEA,2
42,MnV,0,1,0,1,0,0,0,0,0,0,0,0,0,0,0,0,not_HEA,2
43,MoNi,0,0,0,0,0,0,1,0,0,0,1,0,0,0,0,0,not_HEA,2
44,MoRh,0,0,0,0,0,0,0,0,0,0,1,0,0,1,0,0,not_HEA,2
45,MoV,0,1,0,0,0,0,0,0,0,0,1,0,0,0,0,0,HEA,2
46,MoZr,0,0,0,0,0,0,0,0,1,0,1,0,0,0,0,0,not_HEA,2
47,NbTi,1,0,0,0,0,0,0,0,0,1,0,0,0,0,0,0,HEA,2
48,NiPd,0,0,0,0,0,0,1,0,0,0,0,0,0,0,1,0,HEA,2
49,NiRh,0,0,0,0,0,0,1,0,0,0,0,0,0,1,0,0,HEA,2
50,NiV,0,1,0,0,0,0,1,0,0,0,0,0,0,0,0,0,not_HEA,2
51,PdRu,0,0,0,0,0,0,0,0,0,0,0,0,1,0,1,0,not_HEA,2
52,RhRu,0,0,0,0,0,0,0,0,0,0,0,0,1,1,0,0,HEA,2
53,TiV,1,1,0,0,0,0,0,0,0,0,0,0,0,0,0,0,HEA,2
54,TiZr,1,0,0,0,0,0,0,0,1,0,0,0,0,0,0,0,HEA,2
55,VZr,0,1,0,0,0,0,0,0,1,0,0,0,0,0,0,0,not_HEA,2
56,AgCoCu,0,0,0,0,0,1,0,1,0,0,0,0,0,0,0,1,not_HEA,3
57,AgCuFe,0,0,0,0,1,0,0,1,0,0,0,0,0,0,0,1,not_HEA,3
58,AgCuMn,0,0,0,1,0,0,0,1,0,0,0,0,0,0,0,1,not_HEA,3
59,AgCuPd,0,0,0,0,0,0,0,1,0,0,0,0,0,0,1,1,HEA,3
60,AgCuRh,0,0,0,0,0,0,0,1,0,0,0,0,0,1,0,1,not_HEA,3
61,AgCuTi,1,0,0,0,0,0,0,1,0,0,0,0,0,0,0,1,not_HEA,3
62,AgCuZr,0,0,0,0,0,0,0,1,1,0,0,0,0,0,0,1,not_HEA,3
63,AgFePd,0,0,0,0,1,0,0,0,0,0,0,0,0,0,1,1,not_HEA,3
64,AgNiPd,0,0,0,0,0,0,1,0,0,0,0,0,0,0,1,1,not_HEA,3
65,AgNiRh,0,0,0,0,0,0,1,0,0,0,0,0,0,1,0,1,not_HEA,3
66,AgPdRh,0,0,0,0,0,0,0,0,0,0,0,0,0,1,1,1,not_HEA,3
67,AgTiV,1,1,0,0,0,0,0,0,0,0,0,0,0,0,0,1,not_HEA,3
68,CoCrCu,0,0,1,0,0,1,0,1,0,0,0,0,0,0,0,0,not_HEA,3
69,CoCrMn,0,0,1,1,0,1,0,0,0,0,0,0,0,0,0,0,not_HEA,3
70,CoCrNi,0,0,1,0,0,1,1,0,0,0,0,0,0,0,0,0,HEA,3
71,CoCuMn,0,0,0,1,0,1,0,1,0,0,0,0,0,0,0,0,not_HEA,3
72,CoCuPd,0,0,0,0,0,1,0,1,0,0,0,0,0,0,1,0,not_HEA,3
73,CoCuRh,0,0,0,0,0,1,0,1,0,0,0,0,0,1,0,0,HEA,3
74,CoMnRh,0,0,0,1,0,1,0,0,0,0,0,0,0,1,0,0,not_HEA,3
75,CoNiPd,0,0,0,0,0,1,1,0,0,0,0,0,0,0,1,0,HEA,3
76,CoNiRh,0,0,0,0,0,1,1,0,0,0,0,0,0,1,0,0,HEA,3
77,CoPdV,0,1,0,0,0,1,0,0,0,0,0,0,0,0,1,0,not_HEA,3
78,CoRhV,0,1,0,0,0,1,0,0,0,0,0,0,0,1,0,0,not_HEA,3
79,CrCuFe,0,0,1,0,1,0,0,1,0,0,0,0,0,0,0,0,not_HEA,3
80,CrCuNi,0,0,1,0,0,0,1,1,0,0,0,0,0,0,0,0,not_HEA,3
81,CrCuV,0,1,1,0,0,0,0,1,0,0,0,0,0,0,0,0,not_HEA,3
82,CrFeMo,0,0,1,0,1,0,0,0,0,0,1,0,0,0,0,0,HEA,3
83,CrFeNi,0,0,1,0,1,0,1,0,0,0,0,0,0,0,0,0,HEA,3
84,CrFeV,0,1,1,0,1,0,0,0,0,0,0,0,0,0,0,0,HEA,3
85,CrMnNb,0,0,1,1,0,0,0,0,0,1,0,0,0,0,0,0,not_HEA,3
86,CrMnRh,0,0,1,1,0,0,0,0,0,0,0,0,0,1,0,0,not_HEA,3
87,CrMnTi,1,0,1,1,0,0,0,0,0,0,0,0,0,0,0,0,not_HEA,3
88,CrMoTc,0,0,1,0,0,0,0,0,0,0,1,1,0,0,0,0,HEA,3
89,CrMoV,0,1,1,0,0,0,0,0,0,0,1,0,0,0,0,0,HEA,3
90,CrMoZr,0,0,1,0,0,0,0,0,1,0,1,0,0,0,0,0,not_HEA,3
91,CrNbTi,1,0,1,0,0,0,0,0,0,1,0,0,0,0,0,0,HEA,3
92,CrNiPd,0,0,1,0,0,0,1,0,0,0,0,0,0,0,1,0,not_HEA,3
93,CrNiRh,0,0,1,0,0,0,1,0,0,0,0,0,0,1,0,0,HEA,3
94,CrPdRh,0,0,1,0,0,0,0,0,0,0,0,0,0,1,1,0,not_HEA,3
95,CuFeMn,0,0,0,1,1,0,0,1,0,0,0,0,0,0,0,0,not_HEA,3
96,CuFePd,0,0,0,0,1,0,0,1,0,0,0,0,0,0,1,0,HEA,3
97,CuFeV,0,1,0,0,1,0,0,1,0,0,0,0,0,0,0,0,not_HEA,3
98,CuMnNi,0,0,0,1,0,0,1,1,0,0,0,0,0,0,0,0,not_HEA,3
99,CuPdTi,1,0,0,0,0,0,0,1,0,0,0,0,0,0,1,0,not_HEA,3
100,CuRhV,0,1,0,0,0,0,0,1,0,0,0,0,0,1,0,0,not_HEA,3
101,CuTiZr,1,0,0,0,0,0,0,1,1,0,0,0,0,0,0,0,not_HEA,3
102,FeMnNb,0,0,0,1,1,0,0,0,0,1,0,0,0,0,0,0,not_HEA,3
103,FeMnRh,0,0,0,1,1,0,0,0,0,0,0,0,0,1,0,0,not_HEA,3
104,FeMnTi,1,0,0,1,1,0,0,0,0,0,0,0,0,0,0,0,not_HEA,3
105,FeMoNb,0,0,0,0,1,0,0,0,0,1,1,0,0,0,0,0,HEA,3
106,FeMoPd,0,0,0,0,1,0,0,0,0,0,1,0,0,0,1,0,HEA,3
107,FeMoV,0,1,0,0,1,0,0,0,0,0,1,0,0,0,0,0,HEA,3
108,FeNbV,0,1,0,0,1,0,0,0,0,1,0,0,0,0,0,0,HEA,3
109,MnMoV,0,1,0,1,0,0,0,0,0,0,1,0,0,0,0,0,HEA,3
110,MnNbV,0,1,0,1,0,0,0,0,0,1,0,0,0,0,0,0,HEA,3
111,MoNbTc,0,0,0,0,0,0,0,0,0,1,1,1,0,0,0,0,HEA,3
112,MoNbV,0,1,0,0,0,0,0,0,0,1,1,0,0,0,0,0,HEA,3
113,MoNbZr,0,0,0,0,0,0,0,0,1,1,1,0,0,0,0,0,HEA,3
114,MoTcV,0,1,0,0,0,0,0,0,0,0,1,1,0,0,0,0,HEA,3
115,MoTiV,1,1,0,0,0,0,0,0,0,0,1,0,0,0,0,0,HEA,3
116,MoTiZr,1,0,0,0,0,0,0,0,1,0,1,0,0,0,0,0,HEA,3
117,MoVZr,0,1,0,0,0,0,0,0,1,0,1,0,0,0,0,0,not_HEA,3
118,NbPdRh,0,0,0,0,0,0,0,0,0,1,0,0,0,1,1,0,not_HEA,3
119,NiPdRh,0,0,0,0,0,0,1,0,0,0,0,0,0,1,1,0,HEA,3
120,PdRhV,0,1,0,0,0,0,0,0,0,0,0,0,0,1,1,0,not_HEA,3
121,TiVZr,1,1,0,0,0,0,0,0,1,0,0,0,0,0,0,0,not_HEA,3
122,AgCoPd,0,0,0,0,0,1,0,0,0,0,0,0,0,0,1,1,not_HEA,3
123,AgCoRh,0,0,0,0,0,1,0,0,0,0,0,0,0,1,0,1,not_HEA,3
124,AgCuNi,0,0,0,0,0,0,1,1,0,0,0,0,0,0,0,1,HEA,3
125,AgCuV,0,1,0,0,0,0,0,1,0,0,0,0,0,0,0,1,not_HEA,3
126,AgFeNi,0,0,0,0,1,0,1,0,0,0,0,0,0,0,0,1,not_HEA,3
127,AgPdV,0,1,0,0,0,0,0,0,0,0,0,0,0,0,1,1,not_HEA,3
128,AgTiZr,1,0,0,0,0,0,0,0,1,0,0,0,0,0,0,1,not_HEA,3
129,CoCrNb,0,0,1,0,0,1,0,0,0,1,0,0,0,0,0,0,not_HEA,3
130,CoCrPd,0,0,1,0,0,1,0,0,0,0,0,0,0,0,1,0,not_HEA,3
131,CoCrRh,0,0,1,0,0,1,0,0,0,0,0,0,0,1,0,0,HEA,3
132,CoCuNi,0,0,0,0,0,1,1,1,0,0,0,0,0,0,0,0,HEA,3
133,CoCuV,0,1,0,0,0,1,0,1,0,0,0,0,0,0,0,0,HEA,3
134,CoMnNi,0,0,0,1,0,1,1,0,0,0,0,0,0,0,0,0,HEA,3
135,CoMoNi,0,0,0,0,0,1,1,0,0,0,1,0,0,0,0,0,HEA,3
136,CoMoRh,0,0,0,0,0,1,0,0,0,0,1,0,0,1,0,0,not_HEA,3
137,CoNiV,0,1,0,0,0,1,1,0,0,0,0,0,0,0,0,0,HEA,3
138,CoPdRh,0,0,0,0,0,1,0,0,0,0,0,0,0,1,1,0,HEA,3
139,CrCuMo,0,0,1,0,0,0,0,1,0,0,1,0,0,0,0,0,not_HEA,3
140,CrCuPd,0,0,1,0,0,0,0,1,0,0,0,0,0,0,1,0,not_HEA,3
141,CrCuRh,0,0,1,0,0,0,0,1,0,0,0,0,0,1,0,0,not_HEA,3
142,CrFeMn,0,0,1,1,1,0,0,0,0,0,0,0,0,0,0,0,HEA,3
143,CrFeNb,0,0,1,0,1,0,0,0,0,1,0,0,0,0,0,0,not_HEA,3
144,CrFeRh,0,0,1,0,1,0,0,0,0,0,0,0,0,1,0,0,HEA,3
145,CrFeTi,1,0,1,0,1,0,0,0,0,0,0,0,0,0,0,0,not_HEA,3
146,CrMnMo,0,0,1,1,0,0,0,0,0,0,1,0,0,0,0,0,HEA,3
147,CrMnNi,0,0,1,1,0,0,1,0,0,0,0,0,0,0,0,0,not_HEA,3
148,CrMnV,0,1,1,1,0,0,0,0,0,0,0,0,0,0,0,0,HEA,3
149,CrMoNb,0,0,1,0,0,0,0,0,0,1,1,0,0,0,0,0,HEA,3
150,CrMoTi,1,0,1,0,0,0,0,0,0,0,1,0,0,0,0,0,HEA,3
151,CrNbV,0,1,1,0,0,0,0,0,0,1,0,0,0,0,0,0,HEA,3
152,CrNbZr,0,0,1,0,0,0,0,0,1,1,0,0,0,0,0,0,not_HEA,3
153,CrTiV,1,1,1,0,0,0,0,0,0,0,0,0,0,0,0,0,HEA,3
154,CrTiZr,1,0,1,0,0,0,0,0,1,0,0,0,0,0,0,0,not_HEA,3
155,CuFeNi,0,0,0,0,1,0,1,1,0,0,0,0,0,0,0,0,HEA,3
156,CuFeRh,0,0,0,0,1,0,0,1,0,0,0,0,0,1,0,0,HEA,3
157,CuNiPd,0,0,0,0,0,0,1,1,0,0,0,0,0,0,1,0,HEA,3
158,CuNiRh,0,0,0,0,0,0,1,1,0,0,0,0,0,1,0,0,HEA,3
159,CuNiV,0,1,0,0,0,0,1,1,0,0,0,0,0,0,0,0,HEA,3
160,CuPdRh,0,0,0,0,0,0,0,1,0,0,0,0,0,1,1,0,HEA,3
161,CuPdV,0,1,0,0,0,0,0,1,0,0,0,0,0,0,1,0,HEA,3
162,CuTiV,1,1,0,0,0,0,0,1,0,0,0,0,0,0,0,0,not_HEA,3
163,FeMnMo,0,0,0,1,1,0,0,0,0,0,1,0,0,0,0,0,not_HEA,3
164,FeMnNi,0,0,0,1,1,0,1,0,0,0,0,0,0,0,0,0,HEA,3
165,FeMnV,0,1,0,1,1,0,0,0,0,0,0,0,0,0,0,0,HEA,3
166,FeMoNi,0,0,0,0,1,0,1,0,0,0,1,0,0,0,0,0,HEA,3
167,FeMoRh,0,0,0,0,1,0,0,0,0,0,1,0,0,1,0,0,HEA,3
168,FeMoTi,1,0,0,0,1,0,0,0,0,0,1,0,0,0,0,0,not_HEA,3
169,FeNbTi,1,0,0,0,1,0,0,0,0,1,0,0,0,0,0,0,not_HEA,3
170,FeNiRh,0,0,0,0,1,0,1,0,0,0,0,0,0,1,0,0,HEA,3
171,FeTiV,1,1,0,0,1,0,0,0,0,0,0,0,0,0,0,0,not_HEA,3
172,MnMoNb,0,0,0,1,0,0,0,0,0,1,1,0,0,0,0,0,HEA,3
173,MnMoTi,1,0,0,1,0,0,0,0,0,0,1,0,0,0,0,0,not_HEA,3
174,MnNbTi,1,0,0,1,0,0,0,0,0,1,0,0,0,0,0,0,not_HEA,3
175,MnTiV,1,1,0,1,0,0,0,0,0,0,0,0,0,0,0,0,not_HEA,3
176,MoNbTi,1,0,0,0,0,0,0,0,0,1,1,0,0,0,0,0,HEA,3
177,MoNiPd,0,0,0,0,0,0,1,0,0,0,1,0,0,0,1,0,not_HEA,3
178,MoNiRh,0,0,0,0,0,0,1,0,0,0,1,0,0,1,0,0,HEA,3
179,MoPdRh,0,0,0,0,0,0,0,0,0,0,1,0,0,1,1,0,HEA,3
180,MoTcTi,1,0,0,0,0,0,0,0,0,0,1,1,0,0,0,0,HEA,3
181,NbTcV,0,1,0,0,0,0,0,0,0,1,0,1,0,0,0,0,HEA,3
182,NbTiV,1,1,0,0,0,0,0,0,0,1,0,0,0,0,0,0,HEA,3
183,NbTiZr,1,0,0,0,0,0,0,0,1,1,0,0,0,0,0,0,HEA,3
184,NbVZr,0,1,0,0,0,0,0,0,1,1,0,0,0,0,0,0,not_HEA,3
185,NiPdV,0,1,0,0,0,0,1,0,0,0,0,0,0,0,1,0,not_HEA,3
186,NiRhV,0,1,0,0,0,0,1,0,0,0,0,0,0,1,0,0,not_HEA,3
187,PdTiV,1,1,0,0,0,0,0,0,0,0,0,0,0,0,1,0,not_HEA,3
188,AgCoCrCu,0,0,1,0,0,1,0,1,0,0,0,0,0,0,0,1,not_HEA,4
189,AgCoCrPd,0,0,1,0,0,1,0,0,0,0,0,0,0,0,1,1,not_HEA,4
190,AgCoCrRu,0,0,1,0,0,1,0,0,0,0,0,0,1,0,0,1,not_HEA,4
191,AgCoMoPd,0,0,0,0,0,1,0,0,0,0,1,0,0,0,1,1,not_HEA,4
192,AgCoMoRh,0,0,0,0,0,1,0,0,0,0,1,0,0,1,0,1,not_HEA,4
193,AgCoPdRu,0,0,0,0,0,1,0,0,0,0,0,0,1,0,1,1,not_HEA,4
194,AgCrCuPd,0,0,1,0,0,0,0,1,0,0,0,0,0,0,1,1,not_HEA,4
195,AgCrCuRu,0,0,1,0,0,0,0,1,0,0,0,0,1,0,0,1,not_HEA,4
196,AgCrNiRh,0,0,1,0,0,0,1,0,0,0,0,0,0,1,0,1,not_HEA,4
197,AgCuFePd,0,0,0,0,1,0,0,1,0,0,0,0,0,0,1,1,HEA,4
198,AgCuFeRu,0,0,0,0,1,0,0,1,0,0,0,0,1,0,0,1,not_HEA,4
199,AgCuNbPd,0,0,0,0,0,0,0,1,0,1,0,0,0,0,1,1,HEA,4
200,AgCuPdRh,0,0,0,0,0,0,0,1,0,0,0,0,0,1,1,1,HEA,4
201,AgFeMoPd,0,0,0,0,1,0,0,0,0,0,1,0,0,0,1,1,not_HEA,4
202,AgFeMoRu,0,0,0,0,1,0,0,0,0,0,1,0,1,0,0,1,not_HEA,4
203,AgFePdRu,0,0,0,0,1,0,0,0,0,0,0,0,1,0,1,1,not_HEA,4
204,AgMoPdRu,0,0,0,0,0,0,0,0,0,0,1,0,1,0,1,1,not_HEA,4
205,AgPdRhRu,0,0,0,0,0,0,0,0,0,0,0,0,1,1,1,1,not_HEA,4
206,CoCrMnNi,0,0,1,1,0,1,1,0,0,0,0,0,0,0,0,0,HEA,4
207,CoCrPdRh,0,0,1,0,0,1,0,0,0,0,0,0,0,1,1,0,HEA,4
208,CoCuNiPd,0,0,0,0,0,1,1,1,0,0,0,0,0,0,1,0,HEA,4
209,CoCuPdRh,0,0,0,0,0,1,0,1,0,0,0,0,0,1,1,0,HEA,4
210,CoMoPdRu,0,0,0,0,0,1,0,0,0,0,1,0,1,0,1,0,HEA,4
211,CoNiPdRu,0,0,0,0,0,1,1,0,0,0,0,0,1,0,1,0,HEA,4
212,CrCuFeMo,0,0,1,0,1,0,0,1,0,0,1,0,0,0,0,0,not_HEA,4
213,CrCuFePd,0,0,1,0,1,0,0,1,0,0,0,0,0,0,1,0,not_HEA,4
214,CrCuMoV,0,1,1,0,0,0,0,1,0,0,1,0,0,0,0,0,not_HEA,4
215,CrCuNbTi,1,0,1,0,0,0,0,1,0,1,0,0,0,0,0,0,not_HEA,4
216,CrCuNiPd,0,0,1,0,0,0,1,1,0,0,0,0,0,0,1,0,HEA,4
217,CrCuPdRu,0,0,1,0,0,0,0,1,0,0,0,0,1,0,1,0,not_HEA,4
218,CrCuTiV,1,1,1,0,0,0,0,1,0,0,0,0,0,0,0,0,HEA,4
219,CrFeMnMo,0,0,1,1,1,0,0,0,0,0,1,0,0,0,0,0,HEA,4
220,CrFeMnV,0,1,1,1,1,0,0,0,0,0,0,0,0,0,0,0,HEA,4
221,CrFeMoNi,0,0,1,0,1,0,1,0,0,0,1,0,0,0,0,0,HEA,4
222,CrFeMoTi,1,0,1,0,1,0,0,0,0,0,1,0,0,0,0,0,HEA,4
223,CrFeNbV,0,1,1,0,1,0,0,0,0,1,0,0,0,0,0,0,HEA,4
224,CrFePdRu,0,0,1,0,1,0,0,0,0,0,0,0,1,0,1,0,HEA,4
225,CrMnMoNb,0,0,1,1,0,0,0,0,0,1,1,0,0,0,0,0,HEA,4
226,CrMnNbV,0,1,1,1,0,0,0,0,0,1,0,0,0,0,0,0,HEA,4
227,CrMoTiV,1,1,1,0,0,0,0,0,0,0,1,0,0,0,0,0,HEA,4
228,CrNbNiV,0,1,1,0,0,0,1,0,0,1,0,0,0,0,0,0,HEA,4
229,CrNbTiZr,1,0,1,0,0,0,0,0,1,1,0,0,0,0,0,0,not_HEA,4
230,CuFeMnNb,0,0,0,1,1,0,0,1,0,1,0,0,0,0,0,0,not_HEA,4
231,CuFeMnV,0,1,0,1,1,0,0,1,0,0,0,0,0,0,0,0,not_HEA,4
232,CuFeNiPd,0,0,0,0,1,0,1,1,0,0,0,0,0,0,1,0,HEA,4
233,CuMnMoV,0,1,0,1,0,0,0,1,0,0,1,0,0,0,0,0,not_HEA,4
234,CuMnNbV,0,1,0,1,0,0,0,1,0,1,0,0,0,0,0,0,not_HEA,4
235,CuMnTiV,1,1,0,1,0,0,0,1,0,0,0,0,0,0,0,0,not_HEA,4
236,CuMoNbV,0,1,0,0,0,0,0,1,0,1,1,0,0,0,0,0,HEA,4
237,CuNbTiV,1,1,0,0,0,0,0,1,0,1,0,0,0,0,0,0,HEA,4
238,CuNiPdRh,0,0,0,0,0,0,1,1,0,0,0,0,0,1,1,0,HEA,4
239,FeMnMoNb,0,0,0,1,1,0,0,0,0,1,1,0,0,0,0,0,HEA,4
240,FeMnMoTi,1,0,0,1,1,0,0,0,0,0,1,0,0,0,0,0,HEA,4
241,FeMnNbV,0,1,0,1,1,0,0,0,0,1,0,0,0,0,0,0,HEA,4
242,FeMnTiV,1,1,0,1,1,0,0,0,0,0,0,0,0,0,0,0,not_HEA,4
243,FeMoNbV,0,1,0,0,1,0,0,0,0,1,1,0,0,0,0,0,HEA,4
244,FeMoNiV,0,1,0,0,1,0,1,0,0,0,1,0,0,0,0,0,HEA,4
245,FeMoPdRh,0,0,0,0,1,0,0,0,0,0,1,0,0,1,1,0,HEA,4
246,FeMoTiV,1,1,0,0,1,0,0,0,0,0,1,0,0,0,0,0,HEA,4
247,FeNiPdRh,0,0,0,0,1,0,1,0,0,0,0,0,0,1,1,0,HEA,4
248,MnMoTiV,1,1,0,1,0,0,0,0,0,0,1,0,0,0,0,0,HEA,4
249,MnNbNiV,0,1,0,1,0,0,1,0,0,1,0,0,0,0,0,0,HEA,4
250,MnNbTiZr,1,0,0,1,0,0,0,0,1,1,0,0,0,0,0,0,HEA,4
251,MnNiPdRu,0,0,0,1,0,0,1,0,0,0,0,0,1,0,1,0,not_HEA,4
252,MoNbTiV,1,1,0,0,0,0,0,0,0,1,1,0,0,0,0,0,HEA,4
253,NbTiVZr,1,1,0,0,0,0,0,0,1,1,0,0,0,0,0,0,HEA,4
254,NiPdRhRu,0,0,0,0,0,0,1,0,0,0,0,0,1,1,1,0,HEA,4
255,AgCoCrNi,0,0,1,0,0,1,1,0,0,0,0,0,0,0,0,1,not_HEA,4
256,AgCoCuFe,0,0,0,0,1,1,0,1,0,0,0,0,0,0,0,1,not_HEA,4
257,AgCoMoNi,0,0,0,0,0,1,1,0,0,0,1,0,0,0,0,1,not_HEA,4
258,AgCoMoRu,0,0,0,0,0,1,0,0,0,0,1,0,1,0,0,1,not_HEA,4
259,AgCrCuFe,0,0,1,0,1,0,0,1,0,0,0,0,0,0,0,1,not_HEA,4
260,AgCrFeNi,0,0,1,0,1,0,1,0,0,0,0,0,0,0,0,1,not_HEA,4
261,AgCrNiPd,0,0,1,0,0,0,1,0,0,0,0,0,0,0,1,1,not_HEA,4
262,AgCrNiRu,0,0,1,0,0,0,1,0,0,0,0,0,1,0,0,1,not_HEA,4
263,AgCrPdRh,0,0,1,0,0,0,0,0,0,0,0,0,0,1,1,1,not_HEA,4
264,AgCuFeNi,0,0,0,0,1,0,1,1,0,0,0,0,0,0,0,1,not_HEA,4
265,AgCuNiPd,0,0,0,0,0,0,1,1,0,0,0,0,0,0,1,1,HEA,4
266,AgCuPdRu,0,0,0,0,0,0,0,1,0,0,0,0,1,0,1,1,not_HEA,4
267,AgFeMoNi,0,0,0,0,1,0,1,0,0,0,1,0,0,0,0,1,not_HEA,4
268,AgFeNiRh,0,0,0,0,1,0,1,0,0,0,0,0,0,1,0,1,not_HEA,4
269,AgMoNiPd,0,0,0,0,0,0,1,0,0,0,1,0,0,0,1,1,not_HEA,4
270,AgMoNiRh,0,0,0,0,0,0,1,0,0,0,1,0,0,1,0,1,not_HEA,4
271,AgNbPdRh,0,0,0,0,0,0,0,0,0,1,0,0,0,1,1,1,not_HEA,4
272,AgNiPdRh,0,0,0,0,0,0,1,0,0,0,0,0,0,1,1,1,HEA,4
273,CoCrCuNi,0,0,1,0,0,1,1,1,0,0,0,0,0,0,0,0,HEA,4
274,CoCrFeNi,0,0,1,0,1,1,1,0,0,0,0,0,0,0,0,0,HEA,4
275,CoCrMnMo,0,0,1,1,0,1,0,0,0,0,1,0,0,0,0,0,HEA,4
276,CoCrMoNb,0,0,1,0,0,1,0,0,0,1,1,0,0,0,0,0,HEA,4
277,CoCrNiPd,0,0,1,0,0,1,1,0,0,0,0,0,0,0,1,0,HEA,4
278,CoCrPdRu,0,0,1,0,0,1,0,0,0,0,0,0,1,0,1,0,HEA,4
279,CoCuPdRu,0,0,0,0,0,1,0,1,0,0,0,0,1,0,1,0,HEA,4
280,CoPdRhRu,0,0,0,0,0,1,0,0,0,0,0,0,1,1,1,0,HEA,4
281,CrCuFeNb,0,0,1,0,1,0,0,1,0,1,0,0,0,0,0,0,HEA,4
282,CrCuFeV,0,1,1,0,1,0,0,1,0,0,0,0,0,0,0,0,HEA,4
283,CrCuNbV,0,1,1,0,0,0,0,1,0,1,0,0,0,0,0,0,HEA,4
284,CrFeMnNb,0,0,1,1,1,0,0,0,0,1,0,0,0,0,0,0,HEA,4
285,CrFeMoV,0,1,1,0,1,0,0,0,0,0,1,0,0,0,0,0,HEA,4
286,CrFeNiV,0,1,1,0,1,0,1,0,0,0,0,0,0,0,0,0,HEA,4
287,CrMnMoNi,0,0,1,1,0,0,1,0,0,0,1,0,0,0,0,0,HEA,4
288,CrMnMoTi,1,0,1,1,0,0,0,0,0,0,1,0,0,0,0,0,HEA,4
289,CrMnMoZr,0,0,1,1,0,0,0,0,1,0,1,0,0,0,0,0,not_HEA,4
290,CrMnNiV,0,1,1,1,0,0,1,0,0,0,0,0,0,0,0,0,HEA,4
291,CrMnTiZr,1,0,1,1,0,0,0,0,1,0,0,0,0,0,0,0,not_HEA,4
292,CrMoNbNi,0,0,1,0,0,0,1,0,0,1,1,0,0,0,0,0,HEA,4
293,CrMoNbTi,1,0,1,0,0,0,0,0,0,1,1,0,0,0,0,0,HEA,4
294,CrMoNbZr,0,0,1,0,0,0,0,0,1,1,1,0,0,0,0,0,HEA,4
295,CrMoVZr,0,1,1,0,0,0,0,0,1,0,1,0,0,0,0,0,not_HEA,4
296,CrNbTiV,1,1,1,0,0,0,0,0,0,1,0,0,0,0,0,0,HEA,4
297,CrNiPdRh,0,0,1,0,0,0,1,0,0,0,0,0,0,1,1,0,HEA,4
298,CrPdRhRu,0,0,1,0,0,0,0,0,0,0,0,0,1,1,1,0,HEA,4
299,CuFeMoTi,1,0,0,0,1,0,0,1,0,0,1,0,0,0,0,0,not_HEA,4
300,CuFeNbTi,1,0,0,0,1,0,0,1,0,1,0,0,0,0,0,0,HEA,4
301,CuFeNiV,0,1,0,0,1,0,1,1,0,0,0,0,0,0,0,0,HEA,4
302,CuFePdRh,0,0,0,0,1,0,0,1,0,0,0,0,0,1,1,0,HEA,4
303,CuFeTiV,1,1,0,0,1,0,0,1,0,0,0,0,0,0,0,0,not_HEA,4
304,CuMoTiV,1,1,0,0,0,0,0,1,0,0,1,0,0,0,0,0,HEA,4
305,CuNbPdRh,0,0,0,0,0,0,0,1,0,1,0,0,0,1,1,0,not_HEA,4
306,CuNiPdRu,0,0,0,0,0,0,1,1,0,0,0,0,1,0,1,0,HEA,4
307,FeMnMoV,0,1,0,1,1,0,0,0,0,0,1,0,0,0,0,0,HEA,4
308,FeMoPdRu,0,0,0,0,1,0,0,0,0,0,1,0,1,0,1,0,HEA,4
309,FeNbTiV,1,1,0,0,1,0,0,0,0,1,0,0,0,0,0,0,HEA,4
310,FeNiPdRu,0,0,0,0,1,0,1,0,0,0,0,0,1,0,1,0,HEA,4
311,FePdRhRu,0,0,0,0,1,0,0,0,0,0,0,0,1,1,1,0,HEA,4
312,MnMoNbTi,1,0,0,1,0,0,0,0,0,1,1,0,0,0,0,0,HEA,4
313,MnMoNbZr,0,0,0,1,0,0,0,0,1,1,1,0,0,0,0,0,HEA,4
314,MnMoVZr,0,1,0,1,0,0,0,0,1,0,1,0,0,0,0,0,not_HEA,4
315,MnNbTiV,1,1,0,1,0,0,0,0,0,1,0,0,0,0,0,0,HEA,4
316,MoNbVZr,0,1,0,0,0,0,0,0,1,1,1,0,0,0,0,0,HEA,4
317,MoNiPdRh,0,0,0,0,0,0,1,0,0,0,1,0,0,1,1,0,HEA,4
318,MoPdRhRu,0,0,0,0,0,0,0,0,0,0,1,0,1,1,1,0,HEA,4
319,MoTiVZr,1,1,0,0,0,0,0,0,1,0,1,0,0,0,0,0,HEA,4
320,AgCoCrRh,0,0,1,0,0,1,0,0,0,0,0,0,0,1,0,1,not_HEA,4
321,AgCoCuPd,0,0,0,0,0,1,0,1,0,0,0,0,0,0,1,1,not_HEA,4
322,AgCoNiPd,0,0,0,0,0,1,1,0,0,0,0,0,0,0,1,1,not_HEA,4
323,AgCoPdRh,0,0,0,0,0,1,0,0,0,0,0,0,0,1,1,1,HEA,4
324,AgCrCuNi,0,0,1,0,0,0,1,1,0,0,0,0,0,0,0,1,not_HEA,4
325,AgCrCuRh,0,0,1,0,0,0,0,1,0,0,0,0,0,1,0,1,not_HEA,4
326,AgCrPdRu,0,0,1,0,0,0,0,0,0,0,0,0,1,0,1,1,not_HEA,4
327,AgCrRhRu,0,0,1,0,0,0,0,0,0,0,0,0,1,1,0,1,not_HEA,4
328,AgCuFeRh,0,0,0,0,1,0,0,1,0,0,0,0,0,1,0,1,not_HEA,4
329,AgFeMoRh,0,0,0,0,1,0,0,0,0,0,1,0,0,1,0,1,not_HEA,4
330,AgFeNiPd,0,0,0,0,1,0,1,0,0,0,0,0,0,0,1,1,not_HEA,4
331,AgFeNiRu,0,0,0,0,1,0,1,0,0,0,0,0,1,0,0,1,not_HEA,4
332,AgFePdRh,0,0,0,0,1,0,0,0,0,0,0,0,0,1,1,1,HEA,4
333,AgFeRhRu,0,0,0,0,1,0,0,0,0,0,0,0,1,1,0,1,not_HEA,4
334,AgMoNiRu,0,0,0,0,0,0,1,0,0,0,1,0,1,0,0,1,not_HEA,4
335,AgMoPdRh,0,0,0,0,0,0,0,0,0,0,1,0,0,1,1,1,not_HEA,4
336,AgMoRhRu,0,0,0,0,0,0,0,0,0,0,1,0,1,1,0,1,not_HEA,4
337,AgNiPdRu,0,0,0,0,0,0,1,0,0,0,0,0,1,0,1,1,not_HEA,4
338,CoCrCuPd,0,0,1,0,0,1,0,1,0,0,0,0,0,0,1,0,not_HEA,4
339,CoCrMnNb,0,0,1,1,0,1,0,0,0,1,0,0,0,0,0,0,HEA,4
340,CoMoNiPd,0,0,0,0,0,1,1,0,0,0,1,0,0,0,1,0,HEA,4
341,CoMoPdRh,0,0,0,0,0,1,0,0,0,0,1,0,0,1,1,0,HEA,4
342,CoNiPdRh,0,0,0,0,0,1,1,0,0,0,0,0,0,1,1,0,HEA,4
343,CrCuFeMn,0,0,1,1,1,0,0,1,0,0,0,0,0,0,0,0,not_HEA,4
344,CrCuFeNi,0,0,1,0,1,0,1,1,0,0,0,0,0,0,0,0,HEA,4
345,CrCuMnV,0,1,1,1,0,0,0,1,0,0,0,0,0,0,0,0,not_HEA,4
346,CrCuMoTi,1,0,1,0,0,0,0,1,0,0,1,0,0,0,0,0,not_HEA,4
347,CrCuPdRh,0,0,1,0,0,0,0,1,0,0,0,0,0,1,1,0,HEA,4
348,CrFeMnNi,0,0,1,1,1,0,1,0,0,0,0,0,0,0,0,0,HEA,4
349,CrFeMnTi,1,0,1,1,1,0,0,0,0,0,0,0,0,0,0,0,not_HEA,4
350,CrFeMoNb,0,0,1,0,1,0,0,0,0,1,1,0,0,0,0,0,HEA,4
351,CrFeNbTi,1,0,1,0,1,0,0,0,0,1,0,0,0,0,0,0,not_HEA,4
352,CrFeNiPd,0,0,1,0,1,0,1,0,0,0,0,0,0,0,1,0,HEA,4
353,CrFeTiV,1,1,1,0,1,0,0,0,0,0,0,0,0,0,0,0,not_HEA,4
354,CrMnMoV,0,1,1,1,0,0,0,0,0,0,1,0,0,0,0,0,HEA,4
355,CrMnNbNi,0,0,1,1,0,0,1,0,0,1,0,0,0,0,0,0,HEA,4
356,CrMnNbTi,1,0,1,1,0,0,0,0,0,1,0,0,0,0,0,0,HEA,4
357,CrMnNbZr,0,0,1,1,0,0,0,0,1,1,0,0,0,0,0,0,not_HEA,4
358,CrMnTiV,1,1,1,1,0,0,0,0,0,0,0,0,0,0,0,0,HEA,4
359,CrMoNbV,0,1,1,0,0,0,0,0,0,1,1,0,0,0,0,0,HEA,4
360,CrMoTiZr,1,0,1,0,0,0,0,0,1,0,1,0,0,0,0,0,HEA,4
361,CrNbVZr,0,1,1,0,0,0,0,0,1,1,0,0,0,0,0,0,not_HEA,4
362,CrNiPdRu,0,0,1,0,0,0,1,0,0,0,0,0,1,0,1,0,HEA,4
363,CrTiVZr,1,1,1,0,0,0,0,0,1,0,0,0,0,0,0,0,HEA,4
364,CuFeMnTi,1,0,0,1,1,0,0,1,0,0,0,0,0,0,0,0,not_HEA,4
365,CuFeMoV,0,1,0,0,1,0,0,1,0,0,1,0,0,0,0,0,HEA,4
366,CuFeNbV,0,1,0,0,1,0,0,1,0,1,0,0,0,0,0,0,HEA,4
367,CuFePdRu,0,0,0,0,1,0,0,1,0,0,0,0,1,0,1,0,HEA,4
368,CuPdRhRu,0,0,0,0,0,0,0,1,0,0,0,0,1,1,1,0,HEA,4
369,FeMnNbTi,1,0,0,1,1,0,0,0,0,1,0,0,0,0,0,0,not_HEA,4
370,FeMoNbTi,1,0,0,0,1,0,0,0,0,1,1,0,0,0,0,0,not_HEA,4
371,FeMoNiPd,0,0,0,0,1,0,1,0,0,0,1,0,0,0,1,0,HEA,4
372,MnMoNbV,0,1,0,1,0,0,0,0,0,1,1,0,0,0,0,0,HEA,4
373,MnMoNiV,0,1,0,1,0,0,1,0,0,0,1,0,0,0,0,0,HEA,4
374,MnMoTiZr,1,0,0,1,0,0,0,0,1,0,1,0,0,0,0,0,HEA,4
375,MnNbVZr,0,1,0,1,0,0,0,0,1,1,0,0,0,0,0,0,HEA,4
376,MnTiVZr,1,1,0,1,0,0,0,0,1,0,0,0,0,0,0,0,not_HEA,4
377,MoNbNiV,0,1,0,0,0,0,1,0,0,1,1,0,0,0,0,0,HEA,4
378,MoNbTiZr,1,0,0,0,0,0,0,0,1,1,1,0,0,0,0,0,HEA,4
379,MoNiPdRu,0,0,0,0,0,0,1,0,0,0,1,0,1,0,1,0,HEA,4
380,NbPdRhRu,0,0,0,0,0,0,0,0,0,1,0,0,1,1,1,0,not_HEA,4